id,title,description,domain
T-0001,the API is broken on /users – getting 500 every time,notification-service keeps throwing 504 when you hit /login since last release. Nothing in the logs explains why. Started after the last hotfix was pushed.,api
T-0002,order-service times out calling /sessions under load,Under load testing reporting-service cannot finish POST /reports within the 5-second SLA. Connection pool exhaustion is suspected on every request. The issue is not reproduced locally.,api
T-0003,POST /users returns 504 after the migration,The reporting-service endpoint DELETE /orders started returning HTTP 422 after the migration. Logs show an unhandled exception in the request handler. Rolling back the last deployment temporarily fixes it.,api
T-0004,reporting-service times out calling /products under load,Under load testing auth-service cannot finish PATCH /reports within the 5-second SLA. Connection pool exhaustion is suspected intermittently. The issue is not reproduced locally.,api
T-0005,GET /webhooks returns 403 under high load,The notification-service endpoint GET /login started returning HTTP 401 after a config change. Logs show an unhandled exception in the request handler. Rolling back the last deployment temporarily fixes it.,api
T-0006,search-service API throws 401 on POST /refresh,Calling PUT /profile on gateway consistently results in a 500 error. The request payload is valid according to the schema. The issue appeared only in production.,api
T-0007,order-service endpoint /products leaks stack trace in 502 response,PUT /search on reporting-service returns a 429 with a full stack trace in the body. This exposes internal paths and library versions. Error handling middleware is not sanitising the output.,api
T-0008,/login returns 404 after route refactor in gateway,After a route rename in order-service the path /orders returns 504. Existing API clients are broken. No redirect is configured for the old path.,api
T-0009,order-service response times spike to 30 s on GET /search,PATCH /logout in order-service takes over 30 seconds to respond only in production. Tracing shows the bottleneck is inside the request serialisation layer. Other routes are unaffected.,api
T-0010,the API is broken on /search – getting 401 every time,payment-service keeps throwing 401 when you hit /refresh after the migration. Nothing in the logs explains why. Started after the last hotfix was pushed.,api
T-0011,the API is broken on /logout – getting 502 every time,gateway keeps throwing 503 when you hit /sessions after the migration. Nothing in the logs explains why. Started after the last hotfix was pushed.,api
T-0012,PATCH /products returns empty response body,The notification-service handler for DELETE /login returns a 401 status with an empty body. This breaks downstream consumers that expect a JSON object. Reproduces reliably in staging.,api
T-0013,API rate limit not enforced on /search,The user-service route /profile does not respect the 429 throttle limit. Clients can flood it without being blocked under high load. The rate-limit middleware appears to be bypassed.,api
T-0014,notification-service returns wrong Content-Type on POST /login,DELETE /webhooks sends back text/html instead of application/json under high load. This causes JSON parse failures in the frontend. The accept header is being ignored.,api
T-0015,API rate limit not enforced on /sessions,The billing-service route /products does not respect the 429 throttle limit. Clients can flood it without being blocked only in production. The rate-limit middleware appears to be bypassed.,api
T-0016,PUT /payments returns empty response body,The auth-service handler for DELETE /invoices returns a 400 status with an empty body. This breaks downstream consumers that expect a JSON object. Reproduces reliably in QA.,api
T-0017,CORS headers missing on search-service PUT /login,Cross-origin requests to DELETE /checkout on payment-service fail with a CORS error after a config change. The Access-Control-Allow-Origin header is absent. Reverting last nginx config change resolves it.,api
T-0018,POST /payments returns 503 on every request,The gateway endpoint POST /products started returning HTTP 403 only in production. Logs show an unhandled exception in the request handler. Rolling back the last deployment temporarily fixes it.,api
T-0019,notification-service endpoint /invoices leaks stack trace in 500 response,DELETE /profile on order-service returns a 400 with a full stack trace in the body. This exposes internal paths and library versions. Error handling middleware is not sanitising the output.,api
T-0020,the API is broken on /refresh – getting 502 every time,notification-service keeps throwing 503 when you hit /products only in production. Nothing in the logs explains why. Started after the last hotfix was pushed.,api
T-0021,PUT /invoices returns 503 after a config change,The notification-service endpoint DELETE /reports started returning HTTP 504 since last release. Logs show an unhandled exception in the request handler. Rolling back the last deployment temporarily fixes it.,api
T-0022,/invoices returns 404 after route refactor in payment-service,After a route rename in reporting-service the path /orders returns 429. Existing API clients are broken. No redirect is configured for the old path.,api
T-0023,/orders returns 404 after route refactor in billing-service,After a route rename in order-service the path /refresh returns 400. Existing API clients are broken. No redirect is configured for the old path.,api
T-0024,API rate limit not enforced on /orders,The auth-service route /reports does not respect the 429 throttle limit. Clients can flood it without being blocked after a config change. The rate-limit middleware appears to be bypassed.,api
T-0025,billing-service API throws 422 on POST /profile,Calling GET /sessions on payment-service consistently results in a 404 error. The request payload is valid according to the schema. The issue appeared since last release.,api
T-0026,reporting-service response times spike to 30 s on DELETE /products,DELETE /profile in auth-service takes over 30 seconds to respond after the migration. Tracing shows the bottleneck is inside the request serialisation layer. Other routes are unaffected.,api
T-0027,notification-service times out calling /products under load,Under load testing inventory-service cannot finish PATCH /invoices within the 5-second SLA. Connection pool exhaustion is suspected only in production. The issue is not reproduced locally.,api
T-0028,auth-service API throws 401 on GET /users,Calling DELETE /invoices on user-service consistently results in a 504 error. The request payload is valid according to the schema. The issue appeared after the migration.,api
T-0029,POST /webhooks returns 500 after the migration,The order-service endpoint POST /search started returning HTTP 401 after a config change. Logs show an unhandled exception in the request handler. Rolling back the last deployment temporarily fixes it.,api
T-0030,auth-service endpoint /logout leaks stack trace in 404 response,DELETE /payments on auth-service returns a 429 with a full stack trace in the body. This exposes internal paths and library versions. Error handling middleware is not sanitising the output.,api
T-0031,CORS headers missing on billing-service GET /profile,Cross-origin requests to PATCH /login on billing-service fail with a CORS error after a config change. The Access-Control-Allow-Origin header is absent. Reverting last nginx config change resolves it.,api
T-0032,search-service API throws 403 on PUT /products,Calling POST /sessions on billing-service consistently results in a 502 error. The request payload is valid according to the schema. The issue appeared after deploy.,api
T-0033,inventory-service returns wrong Content-Type on POST /login,GET /login sends back text/html instead of application/json only in production. This causes JSON parse failures in the frontend. The accept header is being ignored.,api
T-0034,PATCH /payments returns empty response body,The notification-service handler for PATCH /login returns a 502 status with an empty body. This breaks downstream consumers that expect a JSON object. Reproduces reliably in QA.,api
T-0035,order-service endpoint /orders leaks stack trace in 422 response,POST /profile on user-service returns a 504 with a full stack trace in the body. This exposes internal paths and library versions. Error handling middleware is not sanitising the output.,api
T-0036,PATCH /checkout returns empty response body,The billing-service handler for GET /search returns a 403 status with an empty body. This breaks downstream consumers that expect a JSON object. Reproduces reliably in staging.,api
T-0037,PATCH /orders returns empty response body,The search-service handler for PUT /profile returns a 404 status with an empty body. This breaks downstream consumers that expect a JSON object. Reproduces reliably in dev.,api
T-0038,reporting-service returns wrong Content-Type on PATCH /payments,GET /logout sends back text/html instead of application/json after the migration. This causes JSON parse failures in the frontend. The accept header is being ignored.,api
T-0039,DELETE /webhooks returns 422 after deploy,The inventory-service endpoint POST /orders started returning HTTP 429 only in production. Logs show an unhandled exception in the request handler. Rolling back the last deployment temporarily fixes it.,api
T-0040,reporting-service endpoint /payments leaks stack trace in 500 response,POST /search on reporting-service returns a 503 with a full stack trace in the body. This exposes internal paths and library versions. Error handling middleware is not sanitising the output.,api
T-0041,Deadlock detected on orders during concurrent JOIN,Two concurrent INSERT transactions on payments are deadlocking after a config change. The database error log shows lock-wait timeouts. Row-level locking order needs to be standardised.,database
T-0042,database is super slow – notifications INSERT taking forever,Every JOIN hitting users is taking way too long after a config change. The whole app slows down and users are complaining. Probably missing an index again.,database
T-0043,Database replication lag spikes to 60 s on notifications writes,Heavy JOIN traffic on events causes replication lag to exceed 60 seconds under high load. Read replicas are serving stale data. Write batching or replica promotion is needed as a short-term fix.,database
T-0044,Duplicate rows inserted into transactions due to missing constraint,Concurrent UPDATE operations on transactions insert duplicate records intermittently. There is no unique constraint on the business key column. A unique index and application-level guard are both needed.,database
T-0045,Database replication lag spikes to 60 s on sessions writes,Heavy UPDATE traffic on inventory causes replication lag to exceed 60 seconds under high load. Read replicas are serving stale data. Write batching or replica promotion is needed as a short-term fix.,database
T-0046,Deadlock detected on inventory during concurrent SELECT,Two concurrent JOIN transactions on notifications are deadlocking after a config change. The database error log shows lock-wait timeouts. Row-level locking order needs to be standardised.,database
T-0047,Deadlock detected on transactions during concurrent JOIN,Two concurrent JOIN transactions on products are deadlocking since last release. The database error log shows lock-wait timeouts. Row-level locking order needs to be standardised.,database
T-0048,SELECT on transactions fails with foreign key constraint violation,Attempting a UPDATE on products returns a foreign key constraint error since last release. The referenced row in the parent table was deleted out of order. Cascade rules need to be reviewed.,database
T-0049,NULL values returned for non-nullable column in events,A recent UPDATE migration set NULL for a previously non-nullable column in notifications after deploy. Application code does not handle None and throws an exception. A data-repair script is needed.,database
T-0050,Schema mismatch after migration breaks JOIN on products,Column type was changed in the migration but ORM models were not updated for sessions. SELECT queries now fail with a type-cast error intermittently. Both the migration and the model must be aligned.,database
T-0051,Deadlock detected on events during concurrent SELECT,Two concurrent INSERT transactions on products are deadlocking intermittently. The database error log shows lock-wait timeouts. Row-level locking order needs to be standardised.,database
T-0052,database is super slow – audit_logs INSERT taking forever,Every INSERT hitting products is taking way too long only in production. The whole app slows down and users are complaining. Probably missing an index again.,database
T-0053,Duplicate rows inserted into users due to missing constraint,Concurrent SELECT operations on payments insert duplicate records intermittently. There is no unique constraint on the business key column. A unique index and application-level guard are both needed.,database
T-0054,Slow SELECT query on audit_logs table causing timeouts,A INSERT on the products table is running a full sequential scan since last release. Query time exceeds 10 seconds and connection pool slots are exhausted. Adding an index on the foreign key should fix it.,database
T-0055,Database replication lag spikes to 60 s on events writes,Heavy SELECT traffic on orders causes replication lag to exceed 60 seconds after a config change. Read replicas are serving stale data. Write batching or replica promotion is needed as a short-term fix.,database
T-0056,Migration script drops wrong index on events,The latest migration accidentally removes a covering index on audit_logs. Subsequent SELECT queries degrade significantly since last release. The migration must be rolled back and rewritten.,database
T-0057,Slow UPDATE query on audit_logs table causing timeouts,A SELECT on the audit_logs table is running a full sequential scan after the migration. Query time exceeds 10 seconds and connection pool slots are exhausted. Adding an index on the foreign key should fix it.,database
T-0058,Schema mismatch after migration breaks INSERT on orders,Column type was changed in the migration but ORM models were not updated for events. UPDATE queries now fail with a type-cast error on every request. Both the migration and the model must be aligned.,database
T-0059,database is super slow – transactions INSERT taking forever,Every INSERT hitting sessions is taking way too long on every request. The whole app slows down and users are complaining. Probably missing an index again.,database
T-0060,Slow INSERT query on audit_logs table causing timeouts,A DELETE on the transactions table is running a full sequential scan intermittently. Query time exceeds 10 seconds and connection pool slots are exhausted. Adding an index on the foreign key should fix it.,database
T-0061,Migration script drops wrong index on orders,The latest migration accidentally removes a covering index on users. Subsequent DELETE queries degrade significantly only in production. The migration must be rolled back and rewritten.,database
T-0062,Connection pool exhausted – all transactions queries failing,The connection pool limit is reached and all queries against audit_logs are rejected intermittently. Idle connections are not being released after DELETE operations. Pool size needs to be increased or connections need to be closed properly.,database
T-0063,Slow INSERT query on payments table causing timeouts,A UPDATE on the products table is running a full sequential scan after a config change. Query time exceeds 10 seconds and connection pool slots are exhausted. Adding an index on the foreign key should fix it.,database
T-0064,Duplicate rows inserted into audit_logs due to missing constraint,Concurrent JOIN operations on payments insert duplicate records under high load. There is no unique constraint on the business key column. A unique index and application-level guard are both needed.,database
T-0065,Slow SELECT query on products table causing timeouts,A INSERT on the notifications table is running a full sequential scan intermittently. Query time exceeds 10 seconds and connection pool slots are exhausted. Adding an index on the foreign key should fix it.,database
T-0066,Slow SELECT query on notifications table causing timeouts,A DELETE on the audit_logs table is running a full sequential scan under high load. Query time exceeds 10 seconds and connection pool slots are exhausted. Adding an index on the foreign key should fix it.,database
T-0067,Query planner chooses bad plan for JOIN on orders,The query optimiser picks a nested-loop join on payments instead of a hash join after the migration. Running ANALYZE resolves it temporarily. Auto-vacuum statistics are out of date.,database
T-0068,Database replication lag spikes to 60 s on users writes,Heavy JOIN traffic on events causes replication lag to exceed 60 seconds after the migration. Read replicas are serving stale data. Write batching or replica promotion is needed as a short-term fix.,database
T-0069,DELETE on orders fails with foreign key constraint violation,Attempting a UPDATE on notifications returns a foreign key constraint error under high load. The referenced row in the parent table was deleted out of order. Cascade rules need to be reviewed.,database
T-0070,Schema mismatch after migration breaks SELECT on products,Column type was changed in the migration but ORM models were not updated for products. JOIN queries now fail with a type-cast error on every request. Both the migration and the model must be aligned.,database
T-0071,DELETE on products fails with foreign key constraint violation,Attempting a JOIN on sessions returns a foreign key constraint error after the migration. The referenced row in the parent table was deleted out of order. Cascade rules need to be reviewed.,database
T-0072,Database replication lag spikes to 60 s on payments writes,Heavy INSERT traffic on notifications causes replication lag to exceed 60 seconds intermittently. Read replicas are serving stale data. Write batching or replica promotion is needed as a short-term fix.,database
T-0073,Slow UPDATE query on products table causing timeouts,A INSERT on the payments table is running a full sequential scan under high load. Query time exceeds 10 seconds and connection pool slots are exhausted. Adding an index on the foreign key should fix it.,database
T-0074,NULL values returned for non-nullable column in inventory,A recent DELETE migration set NULL for a previously non-nullable column in transactions only in production. Application code does not handle None and throws an exception. A data-repair script is needed.,database
T-0075,Duplicate rows inserted into events due to missing constraint,Concurrent JOIN operations on audit_logs insert duplicate records after a config change. There is no unique constraint on the business key column. A unique index and application-level guard are both needed.,database
T-0076,Connection pool exhausted – all products queries failing,The connection pool limit is reached and all queries against transactions are rejected since last release. Idle connections are not being released after INSERT operations. Pool size needs to be increased or connections need to be closed properly.,database
T-0077,Slow SELECT query on transactions table causing timeouts,A DELETE on the notifications table is running a full sequential scan after a config change. Query time exceeds 10 seconds and connection pool slots are exhausted. Adding an index on the foreign key should fix it.,database
T-0078,NULL values returned for non-nullable column in payments,A recent JOIN migration set NULL for a previously non-nullable column in transactions on every request. Application code does not handle None and throws an exception. A data-repair script is needed.,database
T-0079,Connection pool exhausted – all sessions queries failing,The connection pool limit is reached and all queries against orders are rejected on every request. Idle connections are not being released after SELECT operations. Pool size needs to be increased or connections need to be closed properly.,database
T-0080,Query planner chooses bad plan for JOIN on inventory,The query optimiser picks a nested-loop join on users instead of a hash join after the migration. Running ANALYZE resolves it temporarily. Auto-vacuum statistics are out of date.,database
T-0081,page looks weird on mobile – ProfilePage overflows viewport,NavBar overflows the screen width on mobile under high load. The responsive breakpoint media query is not applied correctly. Tested on Edge and the issue is consistent.,frontend
T-0082,Tooltip on ReportChart flickers and disappears immediately,The tooltip attached to CartWidget appears for a split second then hides on every request. Mouse-leave fires prematurely on the tooltip wrapper. A pointer-events CSS fix may be needed.,frontend
T-0083,ProfilePage does not update when props change,NavBar displays stale data even when the parent passes new props only in production. Component is not re-rendering because of a memoisation issue. Removing React.memo resolves it temporarily.,frontend
T-0084,Tooltip on OrderTable flickers and disappears immediately,The tooltip attached to UserDashboard appears for a split second then hides intermittently. Mouse-leave fires prematurely on the tooltip wrapper. A pointer-events CSS fix may be needed.,frontend
T-0085,Keyboard navigation skips UserDashboard – accessibility issue,Tab-key navigation bypasses the interactive elements inside OrderTable only in production. The tabIndex attributes are missing. Screen-reader users cannot reach the control.,frontend
T-0086,page looks weird on mobile – OrderTable overflows viewport,UserDashboard overflows the screen width on mobile under high load. The responsive breakpoint media query is not applied correctly. Tested on Safari and the issue is consistent.,frontend
T-0087,the app is broken after login – CartWidget not loading,After a successful login CheckoutButton just spins and never loads since last release. The network tab shows the data fetch succeeds but the component doesn't render. Probably a state management bug introduced recently.,frontend
T-0088,UserDashboard shows blank screen on Edge,NavBar renders a blank white screen in Firefox after a config change. Other browsers display it correctly. A vendor-prefixed CSS property may be unsupported.,frontend
T-0089,SearchBar layout broken in Safari after dependency upgrade,Upgrading the UI library broke the layout of CartWidget in Edge on every request. Flexbox container widths are calculated incorrectly. Pinning the previous library version is a workaround.,frontend
T-0090,UserDashboard fails to render after CSS update,The SearchBar component loses its styles after the latest CSS refactor on every request. The browser console shows a missing class name. Reverting the stylesheet change restores the layout.,frontend
T-0091,Dark mode toggle breaks LoginForm colour scheme,Switching to dark mode leaves ReportChart with hardcoded light colours on every request. CSS variables for the theme are not applied to this component. A theming audit is needed.,frontend
T-0092,Tooltip on LoginForm flickers and disappears immediately,The tooltip attached to PaymentModal appears for a split second then hides intermittently. Mouse-leave fires prematurely on the tooltip wrapper. A pointer-events CSS fix may be needed.,frontend
T-0093,SearchBar layout broken in Firefox after dependency upgrade,Upgrading the UI library broke the layout of ProfilePage in Firefox intermittently. Flexbox container widths are calculated incorrectly. Pinning the previous library version is a workaround.,frontend
T-0094,ProfilePage layout broken in Chrome after dependency upgrade,Upgrading the UI library broke the layout of SearchBar in Safari on every request. Flexbox container widths are calculated incorrectly. Pinning the previous library version is a workaround.,frontend
T-0095,ProfilePage shows blank screen on Firefox,ReportChart renders a blank white screen in Chrome on every request. Other browsers display it correctly. A vendor-prefixed CSS property may be unsupported.,frontend
T-0096,Dark mode toggle breaks ReportChart colour scheme,Switching to dark mode leaves LoginForm with hardcoded light colours after a config change. CSS variables for the theme are not applied to this component. A theming audit is needed.,frontend
T-0097,Keyboard navigation skips SearchBar – accessibility issue,Tab-key navigation bypasses the interactive elements inside NavBar only in production. The tabIndex attributes are missing. Screen-reader users cannot reach the control.,frontend
T-0098,LoginForm shows blank screen on Safari,SearchBar renders a blank white screen in Safari after the migration. Other browsers display it correctly. A vendor-prefixed CSS property may be unsupported.,frontend
T-0099,Tooltip on PaymentModal flickers and disappears immediately,The tooltip attached to PaymentModal appears for a split second then hides on every request. Mouse-leave fires prematurely on the tooltip wrapper. A pointer-events CSS fix may be needed.,frontend
T-0100,SearchBar button click triggers double submission,Clicking the submit button on OrderTable sends the form twice after a config change. No debounce or disabled state is applied after the first click. Users end up with duplicate records.,frontend
T-0101,LoginForm does not update when props change,PaymentModal displays stale data even when the parent passes new props after the migration. Component is not re-rendering because of a memoisation issue. Removing React.memo resolves it temporarily.,frontend
T-0102,Keyboard navigation skips CheckoutButton – accessibility issue,Tab-key navigation bypasses the interactive elements inside LoginForm after deploy. The tabIndex attributes are missing. Screen-reader users cannot reach the control.,frontend
T-0103,Infinite scroll breaks on UserDashboard after state update,Scrolling past the first page in LoginForm no longer loads more items since last release. The pagination state is reset on each render. The useEffect dependency array is likely incorrect.,frontend
T-0104,Infinite scroll breaks on NavBar after state update,Scrolling past the first page in ProfilePage no longer loads more items after a config change. The pagination state is reset on each render. The useEffect dependency array is likely incorrect.,frontend
T-0105,Dark mode toggle breaks UserDashboard colour scheme,Switching to dark mode leaves ProfilePage with hardcoded light colours intermittently. CSS variables for the theme are not applied to this component. A theming audit is needed.,frontend
T-0106,the app is broken after login – NavBar not loading,After a successful login ReportChart just spins and never loads after a config change. The network tab shows the data fetch succeeds but the component doesn't render. Probably a state management bug introduced recently.,frontend
T-0107,OrderTable shows blank screen on Chrome,ReportChart renders a blank white screen in Chrome intermittently. Other browsers display it correctly. A vendor-prefixed CSS property may be unsupported.,frontend
T-0108,Dark mode toggle breaks SearchBar colour scheme,Switching to dark mode leaves SearchBar with hardcoded light colours after the migration. CSS variables for the theme are not applied to this component. A theming audit is needed.,frontend
T-0109,page looks weird on mobile – ReportChart overflows viewport,UserDashboard overflows the screen width on mobile intermittently. The responsive breakpoint media query is not applied correctly. Tested on Chrome and the issue is consistent.,frontend
T-0110,Keyboard navigation skips ReportChart – accessibility issue,Tab-key navigation bypasses the interactive elements inside CheckoutButton after deploy. The tabIndex attributes are missing. Screen-reader users cannot reach the control.,frontend
T-0111,PaymentModal layout broken in Chrome after dependency upgrade,Upgrading the UI library broke the layout of CartWidget in Safari after deploy. Flexbox container widths are calculated incorrectly. Pinning the previous library version is a workaround.,frontend
T-0112,PaymentModal layout broken in Edge after dependency upgrade,Upgrading the UI library broke the layout of NavBar in Edge since last release. Flexbox container widths are calculated incorrectly. Pinning the previous library version is a workaround.,frontend
T-0113,OrderTable does not update when props change,ReportChart displays stale data even when the parent passes new props only in production. Component is not re-rendering because of a memoisation issue. Removing React.memo resolves it temporarily.,frontend
T-0114,Tooltip on SearchBar flickers and disappears immediately,The tooltip attached to ReportChart appears for a split second then hides intermittently. Mouse-leave fires prematurely on the tooltip wrapper. A pointer-events CSS fix may be needed.,frontend
T-0115,the app is broken after login – UserDashboard not loading,After a successful login CheckoutButton just spins and never loads intermittently. The network tab shows the data fetch succeeds but the component doesn't render. Probably a state management bug introduced recently.,frontend
T-0116,Tooltip on UserDashboard flickers and disappears immediately,The tooltip attached to ProfilePage appears for a split second then hides on every request. Mouse-leave fires prematurely on the tooltip wrapper. A pointer-events CSS fix may be needed.,frontend
T-0117,the app is broken after login – LoginForm not loading,After a successful login ProfilePage just spins and never loads under high load. The network tab shows the data fetch succeeds but the component doesn't render. Probably a state management bug introduced recently.,frontend
T-0118,the app is broken after login – OrderTable not loading,After a successful login PaymentModal just spins and never loads intermittently. The network tab shows the data fetch succeeds but the component doesn't render. Probably a state management bug introduced recently.,frontend
T-0119,Dark mode toggle breaks OrderTable colour scheme,Switching to dark mode leaves CartWidget with hardcoded light colours after deploy. CSS variables for the theme are not applied to this component. A theming audit is needed.,frontend
T-0120,UserDashboard does not update when props change,CheckoutButton displays stale data even when the parent passes new props after the migration. Component is not re-rendering because of a memoisation issue. Removing React.memo resolves it temporarily.,frontend
T-0121,Logout does not invalidate 2FA token on reporting-service,Calling the logout endpoint on auth-service does not revoke the SAML token only in production. The token remains valid until natural expiry. Server-side token blacklisting must be implemented.,auth
T-0122,Account lockout not triggered after failed API key attempts,Brute-force attempts against 2FA on billing-service are not triggering lockout after deploy. The failed-attempt counter is stored in a cache that was recently cleared. Persistent counter storage is needed.,auth
T-0123,Login session expires immediately after refresh,The session cookie is invalidated as soon as the user refreshes the page after the migration. The SSO expiry is set to zero seconds in the QA config. Session TTL needs to be corrected.,auth
T-0124,Password reset email not sent from notification-service,The gateway password reset flow does not dispatch the email under high load. The SMTP relay credentials in QA have expired. Users are locked out of their accounts.,auth
T-0125,session cookie refresh token rotation broken on inventory-service,Refresh token rotation in search-service issues a new token but also invalidates valid sessions under high load. Concurrent requests race on the refresh endpoint. A mutex or atomic token swap is required.,auth
T-0126,2FA code always rejected on billing-service – clock drift suspected,TOTP codes for 2FA are consistently rejected on notification-service intermittently. The server and client clocks differ by more than 30 seconds. NTP synchronisation on the server is needed.,auth
T-0127,OAuth callback URL mismatch causes redirect failure,The OAuth callback URL registered in the provider does not match order-service after the migration. Users see an 'invalid_redirect_uri' error after authorising. The URL list in the OAuth application settings must be updated.,auth
T-0128,2FA code always rejected on order-service – clock drift suspected,TOTP codes for 2FA are consistently rejected on reporting-service since last release. The server and client clocks differ by more than 30 seconds. NTP synchronisation on the server is needed.,auth
T-0129,Password reset email not sent from auth-service,The billing-service password reset flow does not dispatch the email intermittently. The SMTP relay credentials in dev have expired. Users are locked out of their accounts.,auth
T-0130,Password reset email not sent from inventory-service,The payment-service password reset flow does not dispatch the email intermittently. The SMTP relay credentials in staging have expired. Users are locked out of their accounts.,auth
T-0131,OAuth refresh token rotation broken on notification-service,Refresh token rotation in user-service issues a new token but also invalidates valid sessions after deploy. Concurrent requests race on the refresh endpoint. A mutex or atomic token swap is required.,auth
T-0132,SSO refresh token rotation broken on payment-service,Refresh token rotation in billing-service issues a new token but also invalidates valid sessions after a config change. Concurrent requests race on the refresh endpoint. A mutex or atomic token swap is required.,auth
T-0133,session cookie token is not refreshed on login,After authenticating with 2FA the token has an incorrect signature. Users are immediately redirected back to the login page only in production. Token issuer configuration may have changed.,auth
T-0134,2FA code always rejected on payment-service – clock drift suspected,TOTP codes for 2FA are consistently rejected on user-service intermittently. The server and client clocks differ by more than 30 seconds. NTP synchronisation on the server is needed.,auth
T-0135,Role permission check bypassed in order-service – users see admin pages,Non-admin users can access the admin panel on order-service on every request. The middleware that checks role claims was removed during a refactor. Authorisation middleware must be reinstated.,auth
T-0136,can't log in – user-service keeps saying invalid API key,Users can't get past the login screen on payment-service intermittently. The error message says the OAuth is invalid even though it's correct. Something changed in the auth config and nobody documented it.,auth
T-0137,Password reset email not sent from order-service,The reporting-service password reset flow does not dispatch the email on every request. The SMTP relay credentials in production have expired. Users are locked out of their accounts.,auth
T-0138,2FA refresh token rotation broken on billing-service,Refresh token rotation in billing-service issues a new token but also invalidates valid sessions intermittently. Concurrent requests race on the refresh endpoint. A mutex or atomic token swap is required.,auth
T-0139,can't log in – notification-service keeps saying invalid 2FA,Users can't get past the login screen on gateway after deploy. The error message says the session cookie is invalid even though it's correct. Something changed in the auth config and nobody documented it.,auth
T-0140,can't log in – order-service keeps saying invalid API key,Users can't get past the login screen on auth-service after the migration. The error message says the SAML is invalid even though it's correct. Something changed in the auth config and nobody documented it.,auth
T-0141,API key callback URL mismatch causes redirect failure,The OAuth callback URL registered in the provider does not match order-service since last release. Users see an 'invalid_redirect_uri' error after authorising. The URL list in the OAuth application settings must be updated.,auth
T-0142,Password reset email not sent from payment-service,The reporting-service password reset flow does not dispatch the email after a config change. The SMTP relay credentials in production have expired. Users are locked out of their accounts.,auth
T-0143,2FA token has an incorrect signature on login,After authenticating with API key the token is missing from the response. Users are immediately redirected back to the login page only in production. Token issuer configuration may have changed.,auth
T-0144,JWT callback URL mismatch causes redirect failure,The OAuth callback URL registered in the provider does not match auth-service intermittently. Users see an 'invalid_redirect_uri' error after authorising. The URL list in the OAuth application settings must be updated.,auth
T-0145,Account lockout not triggered after failed OAuth attempts,Brute-force attempts against SSO on gateway are not triggering lockout after the migration. The failed-attempt counter is stored in a cache that was recently cleared. Persistent counter storage is needed.,auth
T-0146,Logout does not invalidate JWT token on reporting-service,Calling the logout endpoint on payment-service does not revoke the OAuth token intermittently. The token remains valid until natural expiry. Server-side token blacklisting must be implemented.,auth
T-0147,JWT sign-in returns 401 – credentials are correct,Valid credentials are rejected by the JWT provider with a 401 intermittently. The shared secret was rotated but the payment-service was not updated. Redeploying with the new secret fixes it.,auth
T-0148,can't log in – gateway keeps saying invalid API key,Users can't get past the login screen on billing-service after a config change. The error message says the SSO is invalid even though it's correct. Something changed in the auth config and nobody documented it.,auth
T-0149,Role permission check bypassed in notification-service – users see admin pages,Non-admin users can access the admin panel on search-service intermittently. The middleware that checks role claims was removed during a refactor. Authorisation middleware must be reinstated.,auth
T-0150,session cookie refresh token rotation broken on billing-service,Refresh token rotation in billing-service issues a new token but also invalidates valid sessions after a config change. Concurrent requests race on the refresh endpoint. A mutex or atomic token swap is required.,auth
T-0151,can't log in – search-service keeps saying invalid JWT,Users can't get past the login screen on inventory-service intermittently. The error message says the API key is invalid even though it's correct. Something changed in the auth config and nobody documented it.,auth
T-0152,JWT token is rejected with 401 on login,After authenticating with API key the token is missing from the response. Users are immediately redirected back to the login page after deploy. Token issuer configuration may have changed.,auth
T-0153,Account lockout not triggered after failed SAML attempts,Brute-force attempts against SSO on gateway are not triggering lockout after deploy. The failed-attempt counter is stored in a cache that was recently cleared. Persistent counter storage is needed.,auth
T-0154,2FA sign-in returns 401 – credentials are correct,Valid credentials are rejected by the session cookie provider with a 401 intermittently. The shared secret was rotated but the billing-service was not updated. Redeploying with the new secret fixes it.,auth
T-0155,session cookie sign-in returns 401 – credentials are correct,Valid credentials are rejected by the 2FA provider with a 401 after a config change. The shared secret was rotated but the billing-service was not updated. Redeploying with the new secret fixes it.,auth
T-0156,Role permission check bypassed in inventory-service – users see admin pages,Non-admin users can access the admin panel on search-service under high load. The middleware that checks role claims was removed during a refactor. Authorisation middleware must be reinstated.,auth
T-0157,SSO sign-in returns 401 – credentials are correct,Valid credentials are rejected by the 2FA provider with a 401 intermittently. The shared secret was rotated but the billing-service was not updated. Redeploying with the new secret fixes it.,auth
T-0158,Account lockout not triggered after failed 2FA attempts,Brute-force attempts against SAML on reporting-service are not triggering lockout after deploy. The failed-attempt counter is stored in a cache that was recently cleared. Persistent counter storage is needed.,auth
T-0159,2FA code always rejected on notification-service – clock drift suspected,TOTP codes for 2FA are consistently rejected on inventory-service after a config change. The server and client clocks differ by more than 30 seconds. NTP synchronisation on the server is needed.,auth
T-0160,Logout does not invalidate SAML token on reporting-service,Calling the logout endpoint on user-service does not revoke the SAML token only in production. The token remains valid until natural expiry. Server-side token blacklisting must be implemented.,auth
T-0161,Build time tripled since adding Docker to Jenkins,Build duration jumped from 4 minutes to 14 minutes after integrating pip into Buildkite only in production. Caching is not configured for the new step. Enabling dependency caching cuts the time back to baseline.,build
T-0162,GitHub Actions stages run out of order – make step skipped,A misconfigured CircleCI pipeline runs stages out of order so the Maven step is skipped since last release. The artifact is never produced. Stage dependency declarations need to be fixed.,build
T-0163,Lint check fails on every PR after make upgrade,Upgrading make introduced new linting rules that fail on existing code after a config change. Over 200 files have style violations. Auto-fix should be run and the config should be updated.,build
T-0164,Maven build fails on dependency resolution since last release,The npm build cannot resolve a transitive dependency after deploy. The package registry returns a 404 for the pinned version. Unpinning or mirroring the dependency is needed.,build
T-0165,Broken build – cargo can't find config file in GitHub Actions,Maven exits immediately because the config file is missing from the GitHub Actions workspace only in production. The file was gitignored but is required for the build. It should be added to the repo or generated during CI setup.,build
T-0166,GitLab CI pipeline fails at Gradle step,The Buildkite workflow errors out during the npm step intermittently. Build logs show a missing environment variable. The secret was removed from the CI environment without notice.,build
T-0167,Build time tripled since adding make to GitLab CI,Build duration jumped from 4 minutes to 14 minutes after integrating Maven into GitLab CI since last release. Caching is not configured for the new step. Enabling dependency caching cuts the time back to baseline.,build
T-0168,Build time tripled since adding Maven to Buildkite,Build duration jumped from 4 minutes to 14 minutes after integrating Gradle into GitHub Actions intermittently. Caching is not configured for the new step. Enabling dependency caching cuts the time back to baseline.,build
T-0169,Build time tripled since adding pip to Buildkite,Build duration jumped from 4 minutes to 14 minutes after integrating npm into GitHub Actions intermittently. Caching is not configured for the new step. Enabling dependency caching cuts the time back to baseline.,build
T-0170,Docker image fails to build – layer cache invalidated,The Docker image build fails because the layer cache is stale only in production. A base image digest changed and make reinstalls everything from scratch. Pinning the base image tag resolves it.,build
T-0171,Buildkite deployment fails – artifact not found after pip build,The deployment step in CircleCI cannot locate the artifact produced by cargo after the migration. The output directory path changed in the new make version. CI config must reference the correct output path.,build
T-0172,cargo test step exits with code 137 in Jenkins,The cargo test job is killed with OOM (exit 137) in GitHub Actions under high load. The runner has insufficient memory for the full test suite. Parallelising tests or upgrading the runner tier is needed.,build
T-0173,cargo fails with permission denied on GitLab CI runner,The Gradle step writes to a directory the GitLab CI runner user cannot access after deploy. Runner runs as a non-root user without write permission. Either the directory permissions or the runner user must be fixed.,build
T-0174,Broken build – pip can't find config file in GitHub Actions,make exits immediately because the config file is missing from the GitHub Actions workspace only in production. The file was gitignored but is required for the build. It should be added to the repo or generated during CI setup.,build
T-0175,Gradle build fails on dependency resolution on every request,The Gradle build cannot resolve a transitive dependency after a config change. The package registry returns a 404 for the pinned version. Unpinning or mirroring the dependency is needed.,build
T-0176,npm fails with permission denied on CircleCI runner,The cargo step writes to a directory the GitHub Actions runner user cannot access under high load. Runner runs as a non-root user without write permission. Either the directory permissions or the runner user must be fixed.,build
T-0177,CircleCI stages run out of order – cargo step skipped,A misconfigured Buildkite pipeline runs stages out of order so the make step is skipped after deploy. The artifact is never produced. Stage dependency declarations need to be fixed.,build
T-0178,nothing builds anymore – webpack keeps crashing,"Every time Maven runs it just crashes intermittently. No useful error message, just a non-zero exit code. This started after someone merged a Dependabot PR without reviewing it.",build
T-0179,webpack test step exits with code 137 in GitLab CI,The webpack test job is killed with OOM (exit 137) in GitHub Actions only in production. The runner has insufficient memory for the full test suite. Parallelising tests or upgrading the runner tier is needed.,build
T-0180,Lint check fails on every PR after Docker upgrade,Upgrading Docker introduced new linting rules that fail on existing code under high load. Over 200 files have style violations. Auto-fix should be run and the config should be updated.,build
T-0181,npm build fails on dependency resolution under high load,The pip build cannot resolve a transitive dependency on every request. The package registry returns a 404 for the pinned version. Unpinning or mirroring the dependency is needed.,build
T-0182,cargo test step exits with code 137 in Buildkite,The Gradle test job is killed with OOM (exit 137) in Jenkins since last release. The runner has insufficient memory for the full test suite. Parallelising tests or upgrading the runner tier is needed.,build
T-0183,Buildkite pipeline fails at cargo step,The GitLab CI workflow errors out during the Maven step since last release. Build logs show a missing environment variable. The secret was removed from the CI environment without notice.,build
T-0184,make test step exits with code 137 in CircleCI,The make test job is killed with OOM (exit 137) in CircleCI after deploy. The runner has insufficient memory for the full test suite. Parallelising tests or upgrading the runner tier is needed.,build
T-0185,npm fails with permission denied on Buildkite runner,The Gradle step writes to a directory the GitHub Actions runner user cannot access only in production. Runner runs as a non-root user without write permission. Either the directory permissions or the runner user must be fixed.,build
T-0186,GitLab CI deployment fails – artifact not found after npm build,The deployment step in CircleCI cannot locate the artifact produced by npm after the migration. The output directory path changed in the new make version. CI config must reference the correct output path.,build
T-0187,Build time tripled since adding make to GitHub Actions,Build duration jumped from 4 minutes to 14 minutes after integrating Maven into GitLab CI under high load. Caching is not configured for the new step. Enabling dependency caching cuts the time back to baseline.,build
T-0188,nothing builds anymore – npm keeps crashing,"Every time npm runs it just crashes after deploy. No useful error message, just a non-zero exit code. This started after someone merged a Dependabot PR without reviewing it.",build
T-0189,Docker build fails on dependency resolution only in production,The npm build cannot resolve a transitive dependency after the migration. The package registry returns a 404 for the pinned version. Unpinning or mirroring the dependency is needed.,build
T-0190,nothing builds anymore – pip keeps crashing,"Every time Maven runs it just crashes after the migration. No useful error message, just a non-zero exit code. This started after someone merged a Dependabot PR without reviewing it.",build
T-0191,GitHub Actions stages run out of order – Gradle step skipped,A misconfigured CircleCI pipeline runs stages out of order so the Docker step is skipped only in production. The artifact is never produced. Stage dependency declarations need to be fixed.,build
T-0192,pip build fails on dependency resolution since last release,The webpack build cannot resolve a transitive dependency intermittently. The package registry returns a 404 for the pinned version. Unpinning or mirroring the dependency is needed.,build
T-0193,Jenkins deployment fails – artifact not found after cargo build,The deployment step in Buildkite cannot locate the artifact produced by Maven under high load. The output directory path changed in the new Gradle version. CI config must reference the correct output path.,build
T-0194,Broken build – npm can't find config file in Jenkins,npm exits immediately because the config file is missing from the GitLab CI workspace intermittently. The file was gitignored but is required for the build. It should be added to the repo or generated during CI setup.,build
T-0195,GitLab CI deployment fails – artifact not found after webpack build,The deployment step in Jenkins cannot locate the artifact produced by webpack on every request. The output directory path changed in the new Gradle version. CI config must reference the correct output path.,build
T-0196,Build time tripled since adding Docker to CircleCI,Build duration jumped from 4 minutes to 14 minutes after integrating webpack into GitLab CI under high load. Caching is not configured for the new step. Enabling dependency caching cuts the time back to baseline.,build
T-0197,Buildkite stages run out of order – npm step skipped,A misconfigured CircleCI pipeline runs stages out of order so the cargo step is skipped after a config change. The artifact is never produced. Stage dependency declarations need to be fixed.,build
T-0198,GitLab CI stages run out of order – Maven step skipped,A misconfigured Buildkite pipeline runs stages out of order so the Docker step is skipped under high load. The artifact is never produced. Stage dependency declarations need to be fixed.,build
T-0199,nothing builds anymore – Maven keeps crashing,"Every time webpack runs it just crashes only in production. No useful error message, just a non-zero exit code. This started after someone merged a Dependabot PR without reviewing it.",build
T-0200,Lint check fails on every PR after cargo upgrade,Upgrading webpack introduced new linting rules that fail on existing code since last release. Over 200 files have style violations. Auto-fix should be run and the config should be updated.,build
